{
	"credit": "Made with Blockbench",
	"texture_size": [64, 64],
	"textures": {
		"bearing": "create_interactive:block/propagator_bearing",
		"shaft": "create:block/axis",
		"shaft_top": "create:block/axis_top",
		"particle": "#bearing"
	},
	"elements": [
		{
			"name": "Core",
			"from": [2, 1, 2],
			"to": [14, 12, 14],
			"faces": {
				"up": {"uv": [11, 3, 8, 0], "texture": "#bearing"},
				"down": {"uv": [11, 3, 8, 6], "texture": "#bearing"}
			}
		},
		{
			"name": "Side",
			"from": [2, 0, 14],
			"to": [14, 12, 16],
			"faces": {
				"north": {"uv": [8, 6, 11, 9], "texture": "#bearing"},
				"south": {"uv": [4, 9, 7, 12], "texture": "#bearing"},
				"up": {"uv": [14, 7.5, 11, 7], "texture": "#bearing"},
				"down": {"uv": [14, 7.5, 11, 8], "texture": "#bearing"}
			}
		},
		{
			"name": "Side",
			"from": [2, 0, 0],
			"to": [14, 12, 2],
			"faces": {
				"north": {"uv": [7, 9, 10, 12], "texture": "#bearing"},
				"south": {"uv": [10, 9, 13, 12], "texture": "#bearing"},
				"up": {"uv": [14, 8.5, 11, 8], "texture": "#bearing"},
				"down": {"uv": [14, 8.5, 11, 9], "texture": "#bearing"}
			}
		},
		{
			"name": "Side",
			"from": [14, 0, 0],
			"to": [16, 12, 16],
			"faces": {
				"north": {"uv": [1, 12, 1.5, 15], "texture": "#bearing"},
				"east": {"uv": [4, 0, 8, 3], "texture": "#bearing"},
				"south": {"uv": [1.5, 12, 2, 15], "texture": "#bearing"},
				"west": {"uv": [4, 3, 8, 6], "texture": "#bearing"},
				"up": {"uv": [11.5, 7, 11, 3], "texture": "#bearing"},
				"down": {"uv": [12, 3, 11.5, 7], "texture": "#bearing"}
			}
		},
		{
			"name": "Side",
			"from": [0, 0, 0],
			"to": [2, 12, 16],
			"faces": {
				"north": {"uv": [2, 12, 2.5, 15], "texture": "#bearing"},
				"east": {"uv": [4, 6, 8, 9], "texture": "#bearing"},
				"south": {"uv": [2.5, 12, 3, 15], "texture": "#bearing"},
				"west": {"uv": [0, 8, 4, 11], "texture": "#bearing"},
				"up": {"uv": [0.5, 16, 0, 12], "texture": "#bearing"},
				"down": {"uv": [1, 12, 0.5, 16], "texture": "#bearing"}
			}
		},
		{
			"name": "Top",
			"from": [0, 12, 0],
			"to": [16, 15, 16],
			"faces": {
				"north": {"uv": [0, 11, 4, 11.75], "texture": "#bearing"},
				"east": {"uv": [11, 0, 15, 0.75], "texture": "#bearing"},
				"south": {"uv": [11, 1, 15, 1.75], "texture": "#bearing"},
				"west": {"uv": [11, 2, 15, 2.75], "texture": "#bearing"},
				"up": {"uv": [4, 4, 0, 0], "texture": "#bearing"},
				"down": {"uv": [4, 4, 0, 8], "texture": "#bearing"}
			}
		},
		{
			"name": "Top",
			"from": [0, 15, 14],
			"to": [16, 16, 16],
			"faces": {
				"north": {"uv": [0, 11, 4, 11.25], "texture": "#bearing"},
				"east": {"uv": [12.75, 0, 13.25, 0.25], "texture": "#bearing"},
				"south": {"uv": [11, 1, 15, 1.25], "texture": "#bearing"},
				"west": {"uv": [14.5, 2, 15, 2.25], "texture": "#bearing"},
				"up": {"uv": [4, 0.5, 0, 0], "texture": "#bearing"},
				"down": {"uv": [4, 4, 0, 8], "texture": "#bearing"}
			}
		},
		{
			"name": "Top",
			"from": [14, 15, 2],
			"to": [16, 16, 14],
			"rotation": {"angle": 0, "axis": "y", "origin": [10, 15.5, 13]},
			"faces": {
				"north": {"uv": [1.75, 11, 2.25, 11.25], "texture": "#bearing"},
				"east": {"uv": [11.5, 0, 14.5, 0.25], "texture": "#bearing"},
				"south": {"uv": [12.75, 1, 13.25, 1.25], "texture": "#bearing"},
				"west": {"uv": [11.5, 2, 14.5, 2.25], "texture": "#bearing"},
				"up": {"uv": [0.5, 3.5, 0, 0.5], "texture": "#bearing"},
				"down": {"uv": [4, 4, 0, 8], "texture": "#bearing"}
			}
		},
		{
			"name": "Top",
			"from": [0, 15, 2],
			"to": [2, 16, 14],
			"rotation": {"angle": 0, "axis": "y", "origin": [10, 15.5, 13]},
			"faces": {
				"north": {"uv": [1.75, 11, 2.25, 11.25], "texture": "#bearing"},
				"east": {"uv": [11.5, 0, 14.5, 0.25], "texture": "#bearing"},
				"south": {"uv": [12.75, 1, 13.25, 1.25], "texture": "#bearing"},
				"west": {"uv": [11.5, 2, 14.5, 2.25], "texture": "#bearing"},
				"up": {"uv": [4, 3.5, 3.5, 0.5], "texture": "#bearing"},
				"down": {"uv": [4, 4, 0, 8], "texture": "#bearing"}
			}
		},
		{
			"name": "Top",
			"from": [0, 15, 0],
			"to": [16, 16, 2],
			"faces": {
				"north": {"uv": [0, 11, 4, 11.25], "texture": "#bearing"},
				"east": {"uv": [14.5, 0, 15, 0.25], "texture": "#bearing"},
				"south": {"uv": [11, 1, 15, 1.25], "texture": "#bearing"},
				"west": {"uv": [11, 2, 11.5, 2.25], "texture": "#bearing"},
				"up": {"uv": [4, 4, 0, 3.5], "texture": "#bearing"},
				"down": {"uv": [4, 4, 0, 8], "texture": "#bearing"}
			}
		},
		{
			"name": "Shaft",
			"from": [6, 15, 6],
			"to": [10, 16, 10],
			"faces": {
				"north": {"uv": [6, 0, 10, 1], "texture": "#shaft"},
				"east": {"uv": [6, 0, 10, 1], "texture": "#shaft"},
				"south": {"uv": [6, 0, 10, 1], "texture": "#shaft"},
				"west": {"uv": [6, 0, 10, 1], "texture": "#shaft"},
				"up": {"uv": [6, 6, 10, 10], "texture": "#shaft_top"},
				"down": {"uv": [6, 6, 10, 10], "texture": "#shaft_top"}
			}
		}
	],
	"display": {
		"thirdperson_righthand": {
			"rotation": [75, 45, 0],
			"translation": [0, 2.5, 0],
			"scale": [0.375, 0.375, 0.375]
		},
		"thirdperson_lefthand": {
			"rotation": [75, 45, 0],
			"translation": [0, 2.5, 0],
			"scale": [0.375, 0.375, 0.375]
		},
		"firstperson_righthand": {
			"rotation": [0, 45, 0],
			"scale": [0.4, 0.4, 0.4]
		},
		"firstperson_lefthand": {
			"rotation": [0, 225, 0],
			"scale": [0.4, 0.4, 0.4]
		},
		"ground": {
			"translation": [0, 3, 0],
			"scale": [0.25, 0.25, 0.25]
		},
		"gui": {
			"rotation": [30, 225, 0],
			"scale": [0.625, 0.625, 0.625]
		},
		"fixed": {
			"scale": [0.5, 0.5, 0.5]
		}
	}
}