{
	"credit": "Made with Blockbench by potato and adapted by JuneTheWoods",
	"texture_size": [64, 64],
	"textures": {
		"bearing": "create_interactive:block/propagator_bearing",
		"shaft_top": "create:block/axis_top",
		"shaft": "create:block/axis",
		"particle": "#bearing"
	},
	"elements": [
		{
			"name": "Top",
			"from": [0, 12, 0],
			"to": [16, 15, 16],
			"faces": {
				"north": {"uv": [0, 11, 4, 11.75], "texture": "#bearing"},
				"east": {"uv": [11, 0, 15, 0.75], "texture": "#bearing"},
				"south": {"uv": [11, 1, 15, 1.75], "texture": "#bearing"},
				"west": {"uv": [11, 2, 15, 2.75], "texture": "#bearing"},
				"up": {"uv": [4, 4, 0, 0], "texture": "#bearing"},
				"down": {"uv": [4, 4, 0, 8], "texture": "#bearing"}
			}
		},
		{
			"name": "Top",
			"from": [0, 15, 14],
			"to": [16, 16, 16],
			"faces": {
				"north": {"uv": [0, 11, 4, 11.25], "texture": "#bearing"},
				"east": {"uv": [12.75, 0, 13.25, 0.25], "texture": "#bearing"},
				"south": {"uv": [11, 1, 15, 1.25], "texture": "#bearing"},
				"west": {"uv": [14.5, 2, 15, 2.25], "texture": "#bearing"},
				"up": {"uv": [4, 0.5, 0, 0], "texture": "#bearing"},
				"down": {"uv": [4, 4, 0, 8], "texture": "#bearing"}
			}
		},
		{
			"name": "Top",
			"from": [14, 15, 2],
			"to": [16, 16, 14],
			"rotation": {"angle": 0, "axis": "y", "origin": [10, 15.5, 13]},
			"faces": {
				"north": {"uv": [1.75, 11, 2.25, 11.25], "texture": "#bearing"},
				"east": {"uv": [11.5, 0, 14.5, 0.25], "texture": "#bearing"},
				"south": {"uv": [12.75, 1, 13.25, 1.25], "texture": "#bearing"},
				"west": {"uv": [11.5, 2, 14.5, 2.25], "texture": "#bearing"},
				"up": {"uv": [0.5, 3.5, 0, 0.5], "texture": "#bearing"},
				"down": {"uv": [4, 4, 0, 8], "texture": "#bearing"}
			}
		},
		{
			"name": "Top",
			"from": [0, 15, 2],
			"to": [2, 16, 14],
			"rotation": {"angle": 0, "axis": "y", "origin": [10, 15.5, 13]},
			"faces": {
				"north": {"uv": [1.75, 11, 2.25, 11.25], "texture": "#bearing"},
				"east": {"uv": [11.5, 0, 14.5, 0.25], "texture": "#bearing"},
				"south": {"uv": [12.75, 1, 13.25, 1.25], "texture": "#bearing"},
				"west": {"uv": [11.5, 2, 14.5, 2.25], "texture": "#bearing"},
				"up": {"uv": [4, 3.5, 3.5, 0.5], "texture": "#bearing"},
				"down": {"uv": [4, 4, 0, 8], "texture": "#bearing"}
			}
		},
		{
			"name": "Top",
			"from": [0, 15, 0],
			"to": [16, 16, 2],
			"faces": {
				"north": {"uv": [0, 11, 4, 11.25], "texture": "#bearing"},
				"east": {"uv": [14.5, 0, 15, 0.25], "texture": "#bearing"},
				"south": {"uv": [11, 1, 15, 1.25], "texture": "#bearing"},
				"west": {"uv": [11, 2, 11.5, 2.25], "texture": "#bearing"},
				"up": {"uv": [4, 4, 0, 3.5], "texture": "#bearing"},
				"down": {"uv": [4, 4, 0, 8], "texture": "#bearing"}
			}
		},
		{
			"from": [6, 15, 6],
			"to": [10, 16, 10],
			"faces": {
				"north": {"uv": [6, 0, 10, 1], "texture": "#shaft"},
				"east": {"uv": [6, 0, 10, 1], "texture": "#shaft"},
				"south": {"uv": [6, 0, 10, 1], "texture": "#shaft"},
				"west": {"uv": [6, 0, 10, 1], "texture": "#shaft"},
				"up": {"uv": [6, 6, 10, 10], "texture": "#shaft_top"},
				"down": {"uv": [6, 6, 10, 10], "texture": "#shaft_top"}
			}
		}
	]
}